X,Y,DataZone,SUM_Recrea,Rank_1,Quintile,Nearest_gr,Parks_acce,Shape_Leng,Shape_Area
312888.462688383,664147.900000514,S01008417,0,1,1,0,,20191.7214196,10299931.7674
315544.332199716,662791.499999336,S01008418,0,1,1,0,,25944.8617866,23570497.471
316895.885803805,666033.195499774,S01008419,0,1,1,0,,5738.93510576,1366456.8747
316234.100951234,665916.0,S01008420,0,1,1,0,,1890.09671266,105196.68905
316225.478312951,666284.073499355,S01008421,0,1,1,0,,2645.60903691,146544.070175
316075.5365385,666454.569499295,S01008422,0,1,1,0,,3329.51143926,231579.866967
314488.235982423,667436.332700201,S01008423,0,1,1,0,,29598.5550169,11999499.0276
316999.011611747,667334.50000088,S01008424,0,1,1,0,,3516.71199385,325527.245472
316503.02133913,668852.00000021,S01008425,0,1,1,0,,18368.1085978,7587827.66008
317560.69173122,667843.999500393,S01008426,0,1,1,0,,2653.85984396,187809.797519
317113.604501316,667770.0,S01008427,0,1,1,0,,2759.62382706,185719.448921
317425.513116939,667477.4999989,S01008428,0,1,1,0,,2495.83854545,142539.343412
318141.993310372,667971.131499712,S01008429,0,1,1,0,,2752.99709115,191754.877495
318684.727951307,667883.99999942,S01008430,0,1,1,0,,6492.45626274,468143.476325
318620.230811937,668310.0,S01008431,0,1,1,0,,2715.33365074,172466.638807
318817.639022798,668903.99999913,S01008432,0,1,1,0,,7622.54183163,1326992.10741
319267.137063803,669432.88150014,S01008433,0,1,1,0,,2230.9035089,173836.02066
319655.76655013,669461.302500231,S01008434,0,1,1,0,,3609.61684383,200387.448307
320093.980658966,669229.008000278,S01008435,0,1,1,0,,2896.57921629,295431.225331
320010.140557561,668819.500000207,S01008436,0,1,1,0,,2721.6112553,236560.086131
319711.717638797,668575.65450041,S01008437,0,1,1,0,,2875.17665689,267944.402528
321017.936372,666504.055999599,S01008438,0,1,1,0,,29038.5995578,18303958.5965
321218.047739913,668242.457999802,S01008439,0,1,1,0,,3883.04083603,366898.769386
321707.707819055,668502.500000791,S01008440,0,1,1,0,,3690.75693489,334193.268842
320825.423900116,668587.000500012,S01008441,0,1,1,0,,1751.69543013,117596.621039
321314.781864284,668844.302000969,S01008442,0,1,1,0,,3989.60917834,283895.407441
320901.076350601,669149.499500715,S01008443,0,1,1,0,,3430.02204246,324926.934185
322799.785225982,668591.499999571,S01008444,0,1,1,0,,4962.82132404,633908.727315
322269.193120197,669249.893500039,S01008445,2.25,369,3,3,Colinton & Craiglockhart Dells,3540.1701502,525311.855322
321730.411998192,669335.99999932,S01008446,2.25,369,3,11,Colinton & Craiglockhart Dells,6399.61800543,754069.955448
321213.555742919,669589.0,S01008447,2.25,369,3,8,"Hailes Quarry Park,Colinton & Craiglockhart Dells",4684.04151529,357166.561716
320901.607586737,670021.479500876,S01008448,3.67,487,4,31,"Hailes Quarry Park,Colinton & Craiglockhart Dells",5453.67793126,751343.297444
320495.749046972,669310.385999106,S01008449,0,1,1,0,,1829.23372737,139920.962342
320492.25313703,669579.72900044,S01008450,0,1,1,0,,1545.45542723,79047.3922539
320007.330633815,669511.403000856,S01008451,0,1,1,0,,1218.62913805,62012.42784
320185.089676096,669623.804999253,S01008452,0,1,1,0,,1161.10223679,52595.4420425
320104.852963281,669777.801999668,S01008453,1.42,256,2,3,Hailes Quarry Park,1201.51528052,53552.7734225
319352.49350706,669813.106499122,S01008454,0,1,1,0,,2370.40989074,89683.3779424
318926.561635401,670285.070000281,S01008455,0,1,1,0,,2438.41185761,161309.136158
319279.383849999,670257.637499948,S01008456,0,1,1,0,,1827.07836114,102311.944696
319416.318730427,670416.500000048,S01008457,0,1,1,0,,1876.93412751,94679.119697
319723.389134886,670289.99999971,S01008458,2.65,408,3,13,"Sighthill Park,Hailes Quarry Park",3852.35752841,280304.618718
319905.348118734,669949.83299999,S01008459,1.42,256,2,19,Hailes Quarry Park,2848.92031994,186125.154153
320044.009809875,670302.0,S01008460,1.42,256,2,20,"Hailes Quarry Park,Sighthill Park",1612.25202121,65523.415347
320351.267068933,670341.73700026,S01008461,2.65,408,3,34,"Sighthill Park,Hailes Quarry Park",3182.4298949,138851.293627
320589.696634947,670152.0,S01008462,1.42,256,2,23,Hailes Quarry Park,2243.08281005,121962.89934
320772.358416092,670654.99999957,S01008463,1.42,256,2,23,Hailes Quarry Park,3314.5423643,243734.297094
320606.384832499,670882.475500001,S01008464,2.65,408,3,34,"Sighthill Park,Hailes Quarry Park",2156.22344652,114827.158264
320342.575761265,670733.999499839,S01008465,2.65,408,3,33,"Sighthill Park,Hailes Quarry Park",1782.89458581,115931.378651
320022.441412898,670634.500000401,S01008466,2.65,408,3,30,"Sighthill Park,Hailes Quarry Park",1743.03945447,102261.9755
319898.327803251,670476.499499377,S01008467,2.65,408,3,13,"Sighthill Park,Hailes Quarry Park",1592.7960634,85255.929955
319556.730523482,671033.667500191,S01008468,1.23,252,2,11,Sighthill Park,5770.17936723,769506.965654
320291.277749534,670992.99999956,S01008469,2.65,408,3,24,"Sighthill Park,Hailes Quarry Park",1680.65010893,86358.617418
320224.971806308,671234.500000215,S01008470,1.23,252,2,11,Sighthill Park,2306.07411254,115266.290634
319984.966552595,671491.500000524,S01008471,1.23,252,2,11,Sighthill Park,2059.32390475,112547.216059
320467.649874566,671418.855999102,S01008472,2.65,408,3,16,"Sighthill Park,Hailes Quarry Park",2677.46472995,226721.520771
320795.197544243,671490.499999374,S01008473,0,1,1,0,,2147.12094772,92240.5124055
320739.793914556,671790.521500743,S01008474,2.75,425,3,1,Saughton Park,1927.5763611,139598.091087
321171.527747601,671763.99999918,S01008475,2.75,425,3,18,Saughton Park,2473.81461969,91988.1556389
321279.095628835,671953.49999937,S01008476,2.75,425,3,38,Saughton Park,1444.86846597,93797.2565
321603.289212916,672188.99999959,S01008477,5.06,525,5,50,"Corstorphine Hill,Saughton Park",2228.27067207,119099.647349
321985.197271072,671891.99999916,S01008478,2.75,425,3,48,Saughton Park,4121.96269791,327571.938357
321637.439846346,671705.257499785,S01008479,2.75,425,3,48,Saughton Park,2465.00840054,149007.467413
321087.107675164,671556.499999061,S01008480,2.75,425,3,9,Saughton Park,1578.95767976,80909.4539265
321086.331761112,671215.230999604,S01008481,4.17,508,4,36,"Hailes Quarry Park,Saughton Park",3191.93576225,337472.014862
321320.677342229,670907.499999922,S01008482,1.42,256,2,19,Hailes Quarry Park,1710.47746625,91619.526272
321023.045247825,670514.499999248,S01008483,3.67,487,4,25,"Hailes Quarry Park,Colinton & Craiglockhart Dells",1498.19472503,63507.3045
321273.97001815,670522.500000784,S01008484,3.67,487,4,28,"Hailes Quarry Park,Colinton & Craiglockhart Dells",2407.44159998,176313.765016
321719.197765872,670723.49999934,S01008485,3.67,487,4,11,"Hailes Quarry Park,Colinton & Craiglockhart Dells",2190.4565815,228523.752815
321722.643924899,671281.129999833,S01008486,4.17,508,4,47,"Hailes Quarry Park,Saughton Park",2805.37451854,258025.045695
322062.586108661,671241.993500808,S01008487,5,523,5,51,"Colinton & Craiglockhart Dells,Saughton Park",3575.58411326,267562.04975
322388.995776309,671266.394499245,S01008488,0,1,1,0,,1846.37725406,100449.448734
322354.24448659,671736.000499642,S01008489,2.75,425,3,48,Saughton Park,1596.57638108,95744.978828
322568.50650496,671553.985499992,S01008490,0,1,1,2,Saughton Park,1356.52618113,88226.277823
322751.801318421,671693.397500099,S01008491,2.75,425,3,27,Saughton Park,1764.6852365,92887.8372799
322830.8261,672005.500500648,S01008492,0,1,1,4,Saughton Park,1414.16398289,74847.3390536
322575.372380533,672104.500000497,S01008493,2.75,425,3,48,Saughton Park,2890.76798674,178472.24241
322440.634627233,672429.500000425,S01008494,5.06,525,5,50,"Corstorphine Hill,Saughton Park",4074.65275836,270628.121375
322939.005952549,672439.500000097,S01008495,0,1,1,2,Saughton Park,1554.98261261,100496.977862
322998.22738198,672161.306499249,S01008496,0,1,1,2,Saughton Park,905.848681659,34585.485853
323152.544682098,672158.499999771,S01008497,0,1,1,0,,1441.15001181,47945.6579795
323288.19939716,672408.0,S01008498,0,1,1,0,,2221.70409007,185583.101804
323232.250712854,672776.148999814,S01008499,0,1,1,0,,2728.0575276,150200.537516
323536.233901569,672867.868499472,S01008500,0,1,1,0,,570.683444948,15548.974246
323689.565351358,672936.457500355,S01008501,0,1,1,0,,966.854542151,23719.9148445
323023.40230993,672039.591500379,S01008502,0,1,1,0,,924.721379016,28440.2880895
323052.453801436,671904.99999945,S01008503,0,1,1,0,,1584.43259959,46493.5103114
323011.881029622,671667.0,S01008504,0,1,1,0,,2099.02997497,88637.369783
323228.595450997,671799.228499369,S01008505,0,1,1,0,,1218.96391452,42273.1134955
323590.618663691,671738.000500945,S01008506,0,1,1,1,Easter Craiglockhart Hill,2307.27678334,189703.643353
323514.228689526,672061.99999903,S01008507,0,1,1,0,,1987.27610386,110563.358045
323137.82931722,671236.0,S01008508,1.99,301,2,3,Easter Craiglockhart Hill,3944.00175123,208874.77646
322782.451230453,671165.500000827,S01008509,1.99,301,2,3,Easter Craiglockhart Hill,4040.93193511,366495.400167
322447.329920774,670776.499999887,S01008510,5.72,547,5,13,"Wester Craiglockhart Hill,Colinton & Craiglockhart Dells,Easter Craiglockhart Hill",3588.87337912,244910.895975
322813.09048821,670168.50000056,S01008511,5.72,547,5,8,"Wester Craiglockhart Hill,Colinton & Craiglockhart Dells,Easter Craiglockhart Hill",6297.01254954,665474.617583
322269.126799415,670271.499999667,S01008512,3.73,491,4,8,"Wester Craiglockhart Hill,Colinton & Craiglockhart Dells",1880.31412953,144533.104564
322035.019838097,670106.500000076,S01008513,2.25,369,3,11,Colinton & Craiglockhart Dells,3845.81265872,336905.792522
323342.325592864,670527.0,S01008514,3.47,459,4,10,"Wester Craiglockhart Hill,Colinton & Craiglockhart Dells,Easter Craiglockhart Hill,Braidburn Valley Park,Hermitage of Braid/Blackford Hill & Pond",4108.20409548,588492.080625
323912.478323409,670660.500000397,S01008515,0,1,1,4,"Braidburn Valley Park,Hermitage of Braid/Blackford Hill & Pond",1521.44850934,94673.02743
323890.418296579,670908.500000028,S01008516,1.99,301,2,5,"Easter Craiglockhart Hill,Braidburn Valley Park",2106.35144293,82754.696214
324294.666879408,670798.499999977,S01008517,2.31,381,3,7,"Hermitage of Braid/Blackford Hill & Pond,Braidburn Valley Park",1867.55026579,125467.406377
324135.240750126,670553.570000477,S01008518,0,1,1,4,"Braidburn Valley Park,Hermitage of Braid/Blackford Hill & Pond",1839.34553832,95651.1989726
324077.057561633,670326.499499339,S01008519,2.78,434,3,7,"Braidburn Valley Park,Hermitage of Braid/Blackford Hill & Pond",2236.18476722,129800.383139
324571.624098202,669985.500000045,S01008520,5.09,532,5,21,"Braidburn Valley Park,Hermitage of Braid/Blackford Hill & Pond",6662.36824775,507695.729056
324011.067781792,669815.499999951,S01008521,2.78,434,3,10,"Braidburn Valley Park,Hermitage of Braid/Blackford Hill & Pond",2816.6701867,373188.767255
323561.732302548,670034.896999671,S01008522,4.26,510,4,11,"Braidburn Valley Park,Wester Craiglockhart Hill,Hermitage of Braid/Blackford Hill & Pond",1918.93480779,110010.677647
323371.644460823,669810.118000218,S01008523,4.26,510,4,6,"Wester Craiglockhart Hill,Braidburn Valley Park",2368.33175239,248011.476862
323916.893218406,669352.012500559,S01008524,2.78,434,3,6,Braidburn Valley Park,2841.02564571,135399.354184
323250.790655679,669181.57399928,S01008525,2.78,434,3,6,Braidburn Valley Park,3439.09648787,188770.619776
322964.03435334,669500.14000018,S01008526,0,1,1,0,,3059.67123706,258281.652356
322997.742971998,669128.499999638,S01008527,0,1,1,0,,1556.30400332,91153.0819816
323146.300723781,668933.370500339,S01008528,0,1,1,0,,1440.97741912,80236.4368555
323309.078614536,668729.293498915,S01008529,0,1,1,0,,1985.61961298,114554.597363
323555.398974806,668922.499999405,S01008530,2.78,434,3,2,Braidburn Valley Park,1509.1899249,79070.7123145
323798.455076796,669045.753499507,S01008531,2.78,434,3,6,Braidburn Valley Park,2291.08146575,133218.738995
323810.580815778,668679.555999202,S01008532,0,1,1,0,,1438.96894851,72725.2208574
323372.057722272,668528.500000051,S01008533,0,1,1,0,,2379.47785845,137716.624343
323179.197582462,668255.500000411,S01008534,0,1,1,0,,2139.33552623,167586.179171
323740.25017427,668153.038999961,S01008535,0,1,1,0,,2439.30689616,187636.851661
324051.097884181,668510.950000667,S01008536,0,1,1,0,,2068.87890224,127985.957605
324213.114497396,668125.880999634,S01008537,0,1,1,0,,2128.08488562,147394.402534
324451.969803459,668429.500000432,S01008538,0,1,1,1,Braidburn Valley Park,2786.74859486,174270.539482
324204.153357596,668825.414999857,S01008539,2.78,434,3,6,Braidburn Valley Park,2986.6357926,257283.105434
324309.37430381,669236.0,S01008540,2.78,434,3,8,Braidburn Valley Park,2717.13521535,249354.502044
324876.590509056,668990.0,S01008541,2.78,434,3,3,Braidburn Valley Park,2355.97688137,133666.823689
324875.853309308,668627.24099999,S01008542,2.78,434,3,6,Braidburn Valley Park,3137.2284344,309881.30933
325162.255156465,668860.0,S01008543,0,1,1,0,,2282.95078923,108432.245986
325366.174241947,668417.311499553,S01008544,0,1,1,0,,2515.34420113,162731.576067
325410.720041499,667989.235499078,S01008545,0,1,1,0,,4471.2320712,403232.642371
324913.644060986,667592.772500292,S01008546,0,1,1,0,,5643.49100677,571344.038881
328277.938061807,667792.500000962,S01008547,1.71,284,2,27,,4479.99045805,444435.944435
328617.862418463,667798.713500261,S01008548,1.71,284,2,24,,3749.54991803,263104.48803
330277.717755046,668047.463000532,S01008549,2.5,399,3,10,"Burdiehouse Burn Valley Park inc Moredun Wood,Mortonhall Caravan Park",21197.9292045,6042237.23026
326226.764145966,668492.197499855,S01008550,0.79,247,2,2,Mortonhall Caravan Park,4880.90784429,491633.398676
327000.836301013,668505.060000651,S01008551,0,1,1,2,"Mortonhall Caravan Park,Burdiehouse Burn Valley Park inc Moredun Wood",2838.12773104,211237.308635
326950.534947871,668219.99999974,S01008552,1.71,284,2,4,"Burdiehouse Burn Valley Park inc Moredun Wood,Mortonhall Caravan Park",2898.0675288,291260.97449
327557.644242298,667898.499999942,S01008553,1.71,284,2,25,"Burdiehouse Burn Valley Park inc Moredun Wood,Mortonhall Caravan Park",2715.65770823,141397.228279
327686.374405337,667584.0,S01008554,1.71,284,2,3,Burdiehouse Burn Valley Park inc Moredun Wood,3329.70655116,246353.182364
327914.225093918,668093.78200065,S01008555,1.71,284,2,27,Burdiehouse Burn Valley Park inc Moredun Wood,2347.00629252,114923.797953
327519.082305345,668488.424499788,S01008556,1.71,284,2,20,Burdiehouse Burn Valley Park inc Moredun Wood,1633.39358192,96592.8427104
327964.839533608,668552.08699922,S01008557,1.71,284,2,27,Burdiehouse Burn Valley Park inc Moredun Wood,4266.20320874,343463.382194
327515.994136873,668832.625500128,S01008558,1.71,284,2,2,Burdiehouse Burn Valley Park inc Moredun Wood,2122.73102068,165316.953517
328423.539778587,668739.0,S01008559,1.71,284,2,24,Burdiehouse Burn Valley Park inc Moredun Wood,1493.15257237,108648.786681
328509.262467556,668271.402999812,S01008560,1.71,284,2,24,Burdiehouse Burn Valley Park inc Moredun Wood,1604.80859363,135538.903747
328662.610476654,668850.00000055,S01008561,1.71,284,2,24,Burdiehouse Burn Valley Park inc Moredun Wood,2381.33924356,126180.242135
328832.391124298,668600.431500792,S01008562,1.71,284,2,24,Burdiehouse Burn Valley Park inc Moredun Wood,2527.00751323,157738.138714
329084.639425425,668582.012000287,S01008563,1.71,284,2,4,Burdiehouse Burn Valley Park inc Moredun Wood,2997.10192154,146640.307904
329506.681528842,668809.0,S01008564,0,1,1,0,,2121.19144843,112350.400847
329231.529118431,669075.499500753,S01008565,0,1,1,0,,2968.05274128,217986.001253
329469.017588902,669360.754500021,S01008566,0,1,1,0,,2317.33145621,159374.960208
329257.580166865,669556.000499401,S01008567,0,1,1,0,,2295.70877292,142699.404766
328965.647949487,670163.500001049,S01008568,2.86,444,4,6,Craigmillar Castle Park inc Hawkhill,3459.56729012,224381.303933
328959.773514623,669958.0,S01008569,0,1,1,0,,729.377256737,29005.5651279
329050.525429882,669725.499999322,S01008570,0,1,1,0,,2119.10905716,104035.098321
328857.729348486,669243.99900078,S01008571,0,1,1,0,,1910.34312868,126065.569589
328747.186898483,669691.816000056,S01008572,0,1,1,0,,2991.94701629,202060.428869
328607.407905006,669168.610499963,S01008573,0,1,1,2,Burdiehouse Burn Valley Park inc Moredun Wood,2253.82012739,222206.453585
328215.903714788,668933.653000124,S01008574,1.71,284,2,24,Burdiehouse Burn Valley Park inc Moredun Wood,1585.62854994,135663.384847
327999.664388852,669270.0,S01008575,1.71,284,2,22,Burdiehouse Burn Valley Park inc Moredun Wood,2733.69583082,230384.005549
327989.300756038,669729.0,S01008576,0,1,1,2,Inch Park,2753.2808927,239455.432623
327489.522566364,669344.0,S01008577,1.71,284,2,2,Burdiehouse Burn Valley Park inc Moredun Wood,3467.24978192,269238.98651
327257.940024259,669773.99999892,S01008578,0,1,1,0,,2931.21843327,186329.871888
325754.787504686,669485.224499356,S01008579,5.88,563,5,18,"Braidburn Valley Park,Hermitage of Braid/Blackford Hill & Pond,Mortonhall Caravan Park",12370.1672832,3543361.62236
327396.96839461,670232.0,S01008580,2.3,373,3,36,Inch Park,2130.21552464,138435.44226
327591.272511524,670071.28099906,S01008581,2.3,373,3,10,Inch Park,2236.43879901,128331.599183
327630.408359212,669802.176999336,S01008582,0,1,1,2,Inch Park,2404.84796356,165407.241477
327918.241609305,670242.99999901,S01008583,2.3,373,3,16,"Inch Park,Craigmillar Castle Park inc Hawkhill",2081.19166892,101990.343165
328295.307831102,670304.99999931,S01008584,5.16,534,5,29,"Inch Park,Craigmillar Castle Park inc Hawkhill",2583.96095608,111645.033682
328242.40148828,670651.5,S01008585,5.16,534,5,58,"Inch Park,Craigmillar Castle Park inc Hawkhill",2840.10181099,192085.967607
327963.663061475,670691.500000342,S01008586,5.16,534,5,66,"Inch Park,Craigmillar Castle Park inc Hawkhill",3062.79831353,153842.289616
326382.032286937,670722.875499203,S01008587,4.61,515,4,69,"Inch Park,Craigmillar Castle Park inc Hawkhill",8207.65316718,1364072.22139
326179.910300673,671032.499999539,S01008588,2.31,381,3,10,Hermitage of Braid/Blackford Hill & Pond,2482.45983953,140170.491193
326196.885934632,671325.804499142,S01008589,2.31,381,3,6,Hermitage of Braid/Blackford Hill & Pond,1016.09678788,56953.6476854
326362.808302426,671193.678498936,S01008590,2.31,381,3,6,Hermitage of Braid/Blackford Hill & Pond,1635.5085816,75495.6272273
326593.046634756,671309.199501053,S01008591,0,1,1,1,Hermitage of Braid/Blackford Hill & Pond,2453.13900569,97605.882021
326522.979484922,670945.0,S01008592,2.31,381,3,6,Hermitage of Braid/Blackford Hill & Pond,1458.73299696,104242.883514
326849.169537644,671057.500000109,S01008593,2.3,373,3,15,Inch Park,2477.14151602,168953.228999
327011.113576051,671377.499499541,S01008594,2.3,373,3,25,"Inch Park,Craigmillar Castle Park inc Hawkhill",3417.91200399,267231.356961
327815.717442839,671454.212001122,S01008595,5.16,534,5,62,"Inch Park,Craigmillar Castle Park inc Hawkhill",3433.49444647,271138.098417
327605.360349155,671640.593498969,S01008596,2.3,373,3,19,"Inch Park,Craigmillar Castle Park inc Hawkhill",2040.6208118,104906.178955
327893.905790059,671962.499998529,S01008597,8.97,590,5,41,"Inch Park,Holyrood Park,Craigmillar Castle Park inc Hawkhill",4675.07697131,653329.653248
327231.261072248,671912.99999962,S01008598,2.3,373,3,3,Inch Park,1633.40078172,74751.514465
327101.09360007,671619.99999942,S01008599,2.3,373,3,27,"Inch Park,Craigmillar Castle Park inc Hawkhill",3254.50731037,219502.330377
326848.681358532,672031.406999183,S01008600,5.8,551,5,49,"Inch Park,Craigmillar Castle Park inc Hawkhill",2164.60366224,151015.816297
326797.422765133,672393.949499381,S01008601,7.47,586,5,97,"Inch Park,Craigmillar Castle Park inc Hawkhill",3030.35166514,249946.797817
326792.009809391,672696.802999455,S01008602,7.47,586,5,98,"Inch Park,Craigmillar Castle Park inc Hawkhill",1631.83709246,34212.0228444
326551.65332323,672617.939000867,S01008603,7.47,586,5,95,"Inch Park,Craigmillar Castle Park inc Hawkhill",1822.74666247,52949.359874
326562.696618395,671875.998499571,S01008604,5.8,551,5,39,"Inch Park,Craigmillar Castle Park inc Hawkhill",2351.7905315,120567.155681
326325.675328834,671983.99999921,S01008605,3.66,460,4,34,"Inch Park,Craigmillar Castle Park inc Hawkhill",1808.111246,75664.164662
326381.413050709,671587.499998615,S01008606,0,1,1,0,,2157.93512976,103557.852543
326160.851706393,671762.466500708,S01008607,3.66,460,4,20,The Meadows and Bruntsfield Links,3159.30767435,166339.680359
325851.607490604,671433.0,S01008608,2.31,381,3,7,Hermitage of Braid/Blackford Hill & Pond,2575.67408511,152835.890544
325644.763932467,671125.499500926,S01008609,2.31,381,3,12,Hermitage of Braid/Blackford Hill & Pond,2844.11333799,202188.9518
325675.686058559,671886.0,S01008610,5.97,564,5,49,Hermitage of Braid/Blackford Hill & Pond,3089.37804502,217452.647622
326170.797203999,672220.39949903,S01008611,5.8,551,5,56,Hermitage of Braid/Blackford Hill & Pond,1976.47000499,89066.999834
326091.235911233,672463.0,S01008612,5.8,551,5,68,Hermitage of Braid/Blackford Hill & Pond,1065.98590632,43115.170641
325858.064414809,672254.499999964,S01008613,3.66,460,4,72,Hermitage of Braid/Blackford Hill & Pond,1921.34874775,116666.700877
325557.497787666,672467.000499973,S01008614,3.66,460,4,79,Hermitage of Braid/Blackford Hill & Pond,916.305168459,34327.410461
325677.425364878,672252.500000185,S01008615,3.66,460,4,79,Hermitage of Braid/Blackford Hill & Pond,1851.99853418,56185.3530535
325530.69296562,672136.09849966,S01008616,3.66,460,4,69,Hermitage of Braid/Blackford Hill & Pond,963.278117881,32412.50531
325328.990251217,672046.0,S01008617,3.66,460,4,33,Hermitage of Braid/Blackford Hill & Pond,935.871092525,35777.9588319
325386.573831716,672148.923499992,S01008618,3.66,460,4,47,Hermitage of Braid/Blackford Hill & Pond,814.919655182,27307.2834985
325262.029012094,672223.325,S01008619,3.66,460,4,44,Hermitage of Braid/Blackford Hill & Pond,740.196338412,22274.6936335
325400.957800523,672305.776999346,S01008620,3.66,460,4,56,Hermitage of Braid/Blackford Hill & Pond,840.000995796,28806.058429
325243.780485688,672384.380999725,S01008621,3.66,460,4,72,Hermitage of Braid/Blackford Hill & Pond,1037.71886806,24968.01234
325087.561849556,672355.518000603,S01008622,3.66,460,4,45,Hermitage of Braid/Blackford Hill & Pond,753.785612938,18128.6993626
325071.016862211,672080.646000453,S01008623,3.66,460,4,44,Hermitage of Braid/Blackford Hill & Pond,2405.64878903,149907.560099
325362.633868501,671440.499000504,S01008624,5.97,564,5,29,Hermitage of Braid/Blackford Hill & Pond,4422.93401119,444288.833329
325088.740671466,670726.499999795,S01008625,2.31,381,3,16,"Hermitage of Braid/Blackford Hill & Pond,Braidburn Valley Park",2697.50275164,243698.115289
324666.468558769,670513.000500142,S01008626,5.09,532,5,12,"Hermitage of Braid/Blackford Hill & Pond,Braidburn Valley Park",2203.33405609,146350.086876
324698.461459979,670840.0,S01008627,2.31,381,3,12,"Hermitage of Braid/Blackford Hill & Pond,Braidburn Valley Park",2324.65621362,173225.162968
324861.219938983,671300.0,S01008628,2.31,381,3,3,Hermitage of Braid/Blackford Hill & Pond,2666.03868858,116404.497691
324716.135963636,671421.499999904,S01008629,0,1,1,0,,1475.76550682,52591.4366871
324521.267688834,671305.99999984,S01008630,0,1,1,0,,1378.84491196,50690.893731
324506.459565628,671148.499999633,S01008631,0,1,1,2,Hermitage of Braid/Blackford Hill & Pond,1153.55814033,41594.3791149
324038.922463418,671150.0,S01008632,1.99,301,2,5,"Easter Craiglockhart Hill,Hermitage of Braid/Blackford Hill & Pond",3140.24020255,260048.304167
324081.639985079,671530.49400025,S01008633,1.99,301,2,3,Easter Craiglockhart Hill,4886.52397182,419462.115538
324094.528610667,672007.663499147,S01008634,3.66,460,4,4,The Meadows and Bruntsfield Links,2247.1559118,120212.93245
324296.879198807,671855.0,S01008635,3.66,460,4,22,The Meadows and Bruntsfield Links,3126.08250726,139942.55478
324387.217137353,671634.487500441,S01008636,3.66,460,4,4,The Meadows and Bruntsfield Links,3194.90723146,132544.156981
324810.396064606,672005.0,S01008637,3.66,460,4,33,The Meadows and Bruntsfield Links,3756.76282302,196899.037631
324720.442951232,672593.909500994,S01008638,3.66,460,4,33,The Meadows and Bruntsfield Links,1599.56779776,59109.543365
324518.290410709,672484.500000498,S01008639,3.66,460,4,31,The Meadows and Bruntsfield Links,1882.23861476,71779.6853666
324605.020254684,672359.499999927,S01008640,3.66,460,4,29,The Meadows and Bruntsfield Links,1278.14929178,47797.4834819
324548.87342017,672129.999499891,S01008641,3.66,460,4,19,The Meadows and Bruntsfield Links,1064.81787684,31697.883455
324406.111180639,672174.731499068,S01008642,3.66,460,4,12,The Meadows and Bruntsfield Links,2233.68491414,87137.5900261
324388.651385742,672361.500000056,S01008643,3.66,460,4,10,The Meadows and Bruntsfield Links,923.756311435,38973.2767045
324080.573066445,672417.739999198,S01008644,3.66,460,4,2,The Meadows and Bruntsfield Links,1952.31189714,42971.4271824
323939.21653343,672262.992499825,S01008645,0,1,1,0,,1239.30694954,26891.5944385
323794.612001211,672152.499999524,S01008646,0,1,1,0,,1601.41220475,51880.8492761
323555.440489608,672286.203500541,S01008647,0,1,1,0,,1108.37958945,35721.9644744
323653.753022807,672484.49699929,S01008648,0,1,1,0,,1749.75491587,52385.9095054
323759.518225641,672371.560000153,S01008649,0,1,1,0,,1270.70440835,36158.8871121
323939.08665142,672394.102499675,S01008650,0,1,1,0,,1298.33424277,22670.0818304
324255.84256077,672737.99999972,S01008651,3.66,460,4,21,The Meadows and Bruntsfield Links,3153.94678733,167184.197335
323920.112739459,672620.999500393,S01008652,0,1,1,0,,1483.42747535,38236.873692
323763.445433426,672740.862499356,S01008653,0,1,1,0,,1671.49796692,76550.122012
323931.150055551,672834.996499199,S01008654,0,1,1,0,,1220.37045506,34169.256715
323883.276881303,673076.379000936,S01008655,0,1,1,0,,2347.97765514,80919.5133822
324090.443879753,672910.499999616,S01008656,0,1,1,0,,946.724580667,21736.93765
324199.210887079,673006.226499262,S01008657,0,1,1,0,,1489.68210087,48128.6674229
324400.291747131,673009.718999895,S01008658,6.84,569,5,21,"The Meadows and Bruntsfield Links,Princes Street Gardens East & West",1366.27736765,65701.5813124
324724.920855838,673133.148499146,S01008659,6.84,569,5,45,"The Meadows and Bruntsfield Links,Princes Street Gardens East & West",2681.42091753,113086.982904
324674.26458369,673432.040500815,S01008660,6.84,569,5,43,"The Meadows and Bruntsfield Links,Princes Street Gardens East & West",3151.97183233,239545.09601
325185.857600091,673207.5,S01008661,6.84,569,5,72,"The Meadows and Bruntsfield Links,Princes Street Gardens East & West",2268.48640716,81307.313789
324927.764897758,673122.657500614,S01008662,6.84,569,5,60,"The Meadows and Bruntsfield Links,Princes Street Gardens East & West",1244.44812524,29640.2828495
324964.979076784,672981.499999799,S01008663,6.84,569,5,67,"The Meadows and Bruntsfield Links,Princes Street Gardens East & West",1762.03558243,50560.5991845
324923.062845342,672751.152499942,S01008664,3.66,460,4,46,"The Meadows and Bruntsfield Links,Princes Street Gardens East & West",1266.08344605,27725.8121604
324768.02965054,672815.50000019,S01008665,6.84,569,5,49,"The Meadows and Bruntsfield Links,Princes Street Gardens East & West",2060.81124364,91172.6797864
325122.116813602,672596.190000825,S01008666,3.66,460,4,75,"The Meadows and Bruntsfield Links,Princes Street Gardens East & West",2172.49572031,139699.53299
325444.144761855,672782.500000612,S01008667,8.98,591,5,105,"The Meadows and Bruntsfield Links,Princes Street Gardens East & West",3633.56252782,323484.990927
326399.875799518,672321.0,S01008668,5.8,551,5,54,"The Meadows and Bruntsfield Links,Princes Street Gardens East & West",930.315449861,24414.045422
326432.47152856,672471.248000099,S01008669,5.8,551,5,71,"The Meadows and Bruntsfield Links,Princes Street Gardens East & West",821.205103576,24366.7682715
326324.076764971,672576.99999928,S01008670,5.8,551,5,94,"The Meadows and Bruntsfield Links,Princes Street Gardens East & West",1163.45152142,52318.3730165
326259.37460014,672753.499999742,S01008671,5.8,551,5,88,"The Meadows and Bruntsfield Links,Princes Street Gardens East & West",987.974252304,27465.0243535
326285.363477318,672879.699000511,S01008672,5.8,551,5,87,"The Meadows and Bruntsfield Links,Princes Street Gardens East & West",847.968613264,31476.5300095
325696.556006375,672961.919500366,S01008673,8.98,591,5,122,"The Meadows and Bruntsfield Links,Princes Street Gardens East & West",3287.69699481,295986.57525
325559.982467554,673379.526498919,S01008674,6.84,569,5,72,"The Meadows and Bruntsfield Links,Princes Street Gardens East & West",2215.06957804,97716.771875
325214.987105463,673458.816499515,S01008675,6.84,569,5,50,"The Meadows and Bruntsfield Links,Princes Street Gardens East & West",3210.63783951,200589.196818
325940.146204887,674171.99999919,S01008676,5.32,538,5,19,"Princes Street Gardens East & West,Holyrood Park",4133.36951691,294763.155287
325397.020432165,673883.0,S01008677,5.32,538,5,39,"Princes Street Gardens East & West,Holyrood Park",5369.61066024,438908.524775
325835.30041328,673393.825500425,S01008678,8.98,591,5,80,"Princes Street Gardens East & West,Holyrood Park",2320.59055627,117001.471918
326096.701223143,673514.59599981,S01008679,8.98,591,5,51,"Princes Street Gardens East & West,Holyrood Park",1729.05664095,102133.03871
326061.601103753,673118.0,S01008680,5.8,551,5,70,"Princes Street Gardens East & West,Holyrood Park",1473.32174926,51285.7486151
326270.743492472,673116.55249926,S01008681,5.8,551,5,71,"Princes Street Gardens East & West,Holyrood Park",1474.39089909,59491.0782295
326437.426104036,673009.500000033,S01008682,7.47,586,5,112,"Princes Street Gardens East & West,Holyrood Park",1969.53407061,80402.8481086
326246.854893444,673327.430000825,S01008683,5.8,551,5,79,"Princes Street Gardens East & West,Holyrood Park",2305.21804369,90258.4881655
327443.038949901,673196.5,S01008684,9.15,595,5,196,"Princes Street Gardens East & West,Holyrood Park",7893.07732128,2360279.28668
326478.695430496,673792.99949966,S01008685,2.14,306,2,51,Holyrood Park,2976.31601225,171214.990188
327477.847443181,674057.499999859,S01008686,2.14,306,2,82,Holyrood Park,4628.96884643,369869.85921
327124.463332769,674132.902999623,S01008687,2.14,306,2,43,Holyrood Park,700.036551048,27323.1767205
327350.410039498,674209.059999693,S01008688,2.14,306,2,56,Holyrood Park,1354.44019235,64447.787969
327016.191028412,674584.839999022,S01008689,2.14,306,2,14,Holyrood Park,1201.06886216,40274.7695169
327292.877370789,674562.500000581,S01008690,2.14,306,2,32,Holyrood Park,1787.29008661,120314.78919
327865.262155399,674320.500000578,S01008691,2.14,306,2,59,Holyrood Park,2505.10053905,211060.096188
327616.5250739,674738.84250065,S01008692,2.14,306,2,13,Holyrood Park,2156.3911089,175657.555163
328155.246475468,674513.500001232,S01008693,2.14,306,2,15,Holyrood Park,1651.1860317,92133.508355
328039.951728051,674060.499999,S01008694,3.82,492,4,62,"Holyrood Park,Meadowfield Park",1378.96622472,45906.7417409
328315.726481636,674121.33300098,S01008695,3.82,492,4,56,"Holyrood Park,Meadowfield Park",2017.24772119,68705.8972699
328270.92768137,673932.784999486,S01008696,3.82,492,4,53,"Holyrood Park,Meadowfield Park",1255.10414264,52763.8185015
328468.84598009,673413.5,S01008697,3.82,492,4,64,"Holyrood Park,Meadowfield Park",4070.1565649,413597.340667
328955.496279263,673330.499999618,S01008698,6.02,566,5,32,"Holyrood Park,Meadowfield Park,Figgate Burn Park",2691.25791844,118049.698283
328825.302988547,673071.0,S01008699,5.49,540,5,19,"Holyrood Park,Meadowfield Park",2000.14883498,104951.68369
328865.717952994,672578.499500821,S01008700,9.57,597,5,77,"Holyrood Park,Meadowfield Park",5774.47012487,1278636.32495
329218.653102286,671879.679000237,S01008701,5.75,549,5,57,"Craigmillar Castle Park inc Hawkhill,Jewel Park,Hunters Hall Park (JKC)",3190.68426094,355287.0682
328558.968271412,671876.161999695,S01008702,5.75,549,5,21,"Craigmillar Castle Park inc Hawkhill,Jewel Park",3178.42058985,253821.445424
328624.079753978,671455.775500502,S01008703,4.53,513,4,18,Craigmillar Castle Park inc Hawkhill,1358.3192944,97936.0019231
329716.901627208,670332.499999784,S01008704,9.53,596,5,105,Craigmillar Castle Park inc Hawkhill,19832.7442181,4078015.31558
329124.665712255,671551.770499649,S01008705,4.53,513,4,16,Craigmillar Castle Park inc Hawkhill,1514.40889117,91880.1104436
329806.104032362,671826.0,S01008706,2.7,416,3,69,Craigmillar Castle Park inc Hawkhill,1710.26545401,93428.7917859
329984.830846174,671486.248500354,S01008707,5.56,541,5,47,"Craigmillar Castle Park inc Hawkhill,Jewel Park,Hunters Hall Park (JKC)",2594.71573683,96681.5272051
329931.589662301,671227.584999556,S01008708,2.7,416,3,28,"Hunters Hall Park (JKC),Jewel Park",3097.8387815,188739.564621
330045.276862115,671575.181999625,S01008709,2.7,416,3,63,"Hunters Hall Park (JKC),Jewel Park",1825.11218862,93160.7494506
330021.934869713,671930.940999356,S01008710,2.7,416,3,70,"Hunters Hall Park (JKC),Jewel Park",1160.64261233,75125.6929725
330309.489075755,671803.0,S01008711,2.7,416,3,70,"Hunters Hall Park (JKC),Jewel Park",1983.17990006,185328.179446
330115.226145795,672341.500000112,S01008712,2.7,416,3,65,"Hunters Hall Park (JKC),Jewel Park",3510.02723595,328087.92148
330655.059408975,672587.000499984,S01008713,1.22,248,2,40,Jewel Park,1446.11567438,69410.987108
330604.158434245,672721.031999491,S01008714,1.22,248,2,43,"Jewel Park,Figgate Burn Park",1941.69336597,103943.107386
331070.744668922,672661.602499618,S01008715,1.22,248,2,11,Jewel Park,2772.56300611,264941.712436
331010.04055672,673081.548500052,S01008716,0,1,1,0,,1267.43544727,91629.1081076
331036.436088852,672308.991500558,S01008717,1.22,248,2,44,"Jewel Park,Hunters Hall Park (JKC)",2209.3117641,170965.841526
330595.941515352,672197.641999817,S01008718,2.7,416,3,62,"Jewel Park,Hunters Hall Park (JKC)",2272.67036382,134613.165211
330676.130016148,671856.909499435,S01008719,2.7,416,3,67,"Jewel Park,Hunters Hall Park (JKC)",2279.72424703,177608.937477
331530.272123762,671628.149999965,S01008720,2.7,416,3,22,"Jewel Park,Hunters Hall Park (JKC)",6834.1345018,1158211.29713
331947.088490166,672490.19749988,S01008721,0,1,1,0,,4834.39254692,827202.890813
332305.894952621,673138.340749398,S01008722,0,1,1,0,,3138.93813885,366574.512403
331612.766266521,672777.903499169,S01008723,0,1,1,0,,1947.71589983,192224.399854
331502.271565667,673139.600499414,S01008724,0,1,1,0,,2379.86408709,231895.741258
331422.096085803,673543.760500602,S01008725,0,1,1,0,,1916.04102896,121132.66668
331103.91801052,673468.024500956,S01008726,0,1,1,1,Figgate Burn Park,2067.50384434,112362.041452
331052.856009592,673744.042000015,S01008727,0,1,1,0,,2182.28732992,157392.712783
330688.88238998,673684.142499594,S01008728,2.2,357,3,6,Figgate Burn Park,1226.74183202,56908.6559579
330411.261429645,673815.896000566,S01008729,2.2,357,3,23,Figgate Burn Park,2591.98638686,134917.590327
330692.757750708,674075.200000764,S01008730,2.2,357,3,5,Figgate Burn Park,1971.13243574,93051.3963023
330482.626932895,674099.46149952,S01008731,2.2,357,3,5,Figgate Burn Park,1598.6660892,60920.6163854
330325.827678835,673982.192500566,S01008732,2.2,357,3,9,Figgate Burn Park,1683.98847499,54563.0620425
329960.679849825,674650.650000039,S01008733,2.2,357,3,23,Figgate Burn Park,5773.23331843,554353.994424
330629.150612625,673355.617000485,S01008734,3.42,455,4,31,"Figgate Burn Park,Jewel Park",5588.11597957,630340.749865
330128.981493999,673138.0,S01008735,3.42,455,4,60,"Figgate Burn Park,Jewel Park",2677.59422367,223485.014814
330004.27473827,672547.499999148,S01008736,3.42,455,4,50,"Jewel Park,Figgate Burn Park",2822.51541963,227953.344592
329334.381060148,673105.377499968,S01008737,3.42,455,4,52,"Jewel Park,Meadowfield Park,Figgate Burn Park",3154.92773292,213063.228065
329787.25708216,673223.400999566,S01008738,2.2,357,3,23,Figgate Burn Park,3064.98215686,180435.98112
329519.460639119,673572.499999632,S01008739,2.2,357,3,23,Figgate Burn Park,1390.34147333,70027.7280866
329705.279561287,673854.499500664,S01008740,2.2,357,3,23,Figgate Burn Park,2358.55214565,156151.500999
329281.022851038,673880.20299937,S01008741,2.2,357,3,22,Figgate Burn Park,2415.75274627,133442.866212
328906.412521211,674061.499999209,S01008742,4.34,512,4,22,"Holyrood Park,Figgate Burn Park",2896.3765576,193044.033099
329198.324602201,673311.500000034,S01008743,3.88,498,4,28,"Meadowfield Park,Holyrood Park,Figgate Burn Park",1795.66325286,122614.440989
329027.323925605,673593.99999942,S01008744,6.02,566,5,42,"Holyrood Park,Meadowfield Park,Figgate Burn Park",2069.8558237,152735.848887
328613.449097904,673988.406500082,S01008745,3.82,492,4,28,"Holyrood Park,Meadowfield Park",1474.14900919,62400.4850051
328566.346201262,674283.757000408,S01008746,3.82,492,4,32,"Holyrood Park,Meadowfield Park",2103.6186501,99666.8029475
329652.714545136,674198.390499908,S01008747,2.2,357,3,8,Figgate Burn Park,1847.21313785,183722.973616
329470.591387549,674539.499999382,S01008748,0,1,1,0,,1804.8794772,148256.0415
329092.65584036,674959.0,S01008749,2.2,357,3,3,Figgate Burn Park,5324.37942752,695594.566589
329137.422081648,674493.500500206,S01008750,0,1,1,0,,2090.70339778,158624.379731
328845.95998621,674475.514500677,S01008751,2.14,306,2,12,Holyrood Park,2079.79050523,107731.03766
328782.026536225,674644.692999477,S01008752,0,1,1,0,,1924.19578729,107776.202373
328622.307522519,674876.298500662,S01008753,0,1,1,0,,1116.44714678,54496.6548411
328436.500134056,674814.189500749,S01008754,0,1,1,0,,1617.25350645,61586.939294
328414.130990858,674610.102999795,S01008755,2.14,306,2,12,Holyrood Park,1754.52648473,75490.1955245
328140.084093824,674785.007499368,S01008756,0,1,1,0,,1672.49187655,92106.1058235
327888.170982386,674811.907999586,S01008757,0,1,1,0,,1320.04864123,72866.4462452
328361.344791789,675095.219000616,S01008758,2.15,322,2,2,Leith Links,2364.58613348,124516.990517
328296.258469946,675270.99999928,S01008759,2.15,322,2,2,Leith Links,1444.25478863,95166.237571
327970.484161151,675234.397500707,S01008760,2.15,322,2,22,Leith Links,1414.76532545,84290.6107974
327723.751359271,675207.996000133,S01008761,2.15,322,2,12,Leith Links,1408.67186648,61330.5262611
327683.679682328,675303.99999937,S01008762,2.15,322,2,35,Leith Links,1702.60666565,62059.5722216
327582.180450967,675430.499999128,S01008763,2.15,322,2,40,Leith Links,1379.70673322,57988.9114694
327471.98155963,675542.99999928,S01008764,2.15,322,2,40,Leith Links,1643.15631421,60709.8924516
327723.359173135,675685.309499772,S01008765,2.15,322,2,40,Leith Links,1389.73795825,55499.387923
328006.726344216,675613.99999958,S01008766,2.15,322,2,40,Leith Links,2290.7301878,155550.723792
328276.626492857,675647.638500576,S01008767,2.15,322,2,9,Leith Links,1253.33713041,59004.4146796
327637.390445387,676784.468000182,S01008768,2.15,322,2,40,Leith Links,11733.815193,2208029.8809
326459.172940901,677240.187150561,S01008769,2.15,322,2,4,Leith Links,4335.3100788,546047.324868
326082.83858679,677534.399499535,S01008770,0,1,1,0,,2978.80284989,367705.759844
325626.382646333,677305.591000782,S01008771,0,1,1,0,,1820.84159086,136482.419799
325575.553481823,676892.539500911,S01008772,0,1,1,0,,1639.94895605,79510.971747
325789.997541361,676988.489999842,S01008773,0,1,1,0,,3216.63196685,111966.351505
326131.731607953,676730.187499827,S01008774,0,1,1,0,,1936.67926745,101455.607412
326242.606393611,676526.999500331,S01008775,0,1,1,0,,1878.95438742,57817.9307615
326406.419723162,676564.0,S01008776,0,1,1,0,,1139.98299099,54294.3050325
326658.392171537,676614.983499806,S01008777,2.15,322,2,4,Leith Links,1802.50220563,74143.5242666
326942.662087294,676589.707000765,S01008778,2.15,322,2,33,Leith Links,2468.36932231,127572.76806
327249.038214733,676673.251500003,S01008779,2.15,322,2,31,Leith Links,1177.32852706,56114.3888165
327342.527259947,676474.710499439,S01008780,2.15,322,2,40,Leith Links,1905.4186788,52763.6968425
327546.567058928,676381.050999588,S01008781,2.15,322,2,40,Leith Links,1424.51767399,72332.7102074
327256.828030339,676190.499999088,S01008782,2.15,322,2,40,Leith Links,1589.78231807,66439.2342545
327175.870834288,676324.99950018,S01008783,2.15,322,2,40,Leith Links,850.179180745,20878.500127
327186.487259628,676413.499999312,S01008784,2.15,322,2,36,Leith Links,1104.36155825,23898.0437595
327077.697876064,676159.0,S01008785,2.15,322,2,40,Leith Links,1678.10578824,71248.8495351
326865.774395943,676147.459499524,S01008786,2.15,322,2,39,Leith Links,1689.8657412,56739.0876475
326828.787217647,676273.454000598,S01008787,2.15,322,2,27,Leith Links,561.481470037,9367.26849651
326715.816103336,676295.499999386,S01008788,2.15,322,2,31,Leith Links,1390.51625823,48256.327947
326469.992031678,676207.418000155,S01008789,2.15,322,2,19,Leith Links,2120.17963049,121483.262039
326779.978626492,675941.499999121,S01008790,2.15,322,2,38,Leith Links,1647.90929112,55136.1096695
326708.563486833,675741.492500333,S01008791,2.15,322,2,32,Leith Links,1890.83378187,100801.984097
327336.580520384,675923.211999617,S01008792,2.15,322,2,40,Leith Links,2443.64580262,219575.249587
327030.990262059,675778.499999909,S01008793,2.15,322,2,40,Leith Links,1207.7851675,43831.72744
327240.985255762,675435.500000156,S01008794,2.15,322,2,40,Leith Links,2121.96025542,123059.007668
327035.060229932,675381.007998958,S01008795,2.15,322,2,38,Leith Links,1247.30470379,45488.0249321
326922.249929443,675570.0,S01008796,2.15,322,2,39,Leith Links,1298.77075045,70675.165474
326825.666266669,675356.500000111,S01008797,2.15,322,2,15,Leith Links,972.162126014,40436.2769631
326969.845942818,675176.5,S01008798,2.15,322,2,19,Leith Links,2242.3074045,86855.9913558
327430.694741548,674984.554999231,S01008799,0,1,1,0,,1273.99660031,72589.4278375
327173.389762532,674947.253000274,S01008800,0,1,1,0,,2028.82588455,102685.329845
327027.308127352,674850.62749986,S01008801,2.14,306,2,3,Holyrood Park,1266.96910684,46843.6836296
326893.074484595,675007.0,S01008802,0,1,1,0,,948.720517925,41372.7140485
326689.79330652,675149.769000712,S01008803,0,1,1,0,,1239.48581166,46247.628719
326591.639002862,675015.329000695,S01008804,0,1,1,0,,1250.90384186,33406.3335184
326479.743636431,674977.307500053,S01008805,0,1,1,0,,1272.9804261,30864.253117
326606.979236427,674781.346999025,S01008806,0,1,1,0,,1711.65248182,66462.5521915
326998.115535074,674694.99999849,S01008807,2.14,306,2,10,Holyrood Park,1550.88900671,42509.958783
326784.635313114,674606.957999684,S01008808,2.14,306,2,14,Holyrood Park,1410.47194878,56184.0623609
326561.645818876,674315.671498852,S01008809,2.14,306,2,36,"Princes Street Gardens East & West,Holyrood Park",3583.52379055,343498.886971
326589.89853859,674594.12850016,S01008810,2.14,306,2,2,Holyrood Park,901.986745931,31635.734304
326312.564531376,674639.499999837,S01008811,0,1,1,0,,956.388287875,50925.2999955
326359.4354179,674796.950501097,S01008812,0,1,1,0,,964.89304834,23311.147874
326243.716449885,675267.483498896,S01008813,0,1,1,0,,1718.42059937,67236.719813
326554.295652628,675318.99999955,S01008814,0,1,1,0,,1184.86890432,59923.847074
326432.349600579,675498.0,S01008815,2.15,322,2,2,Leith Links,1748.70814565,64344.5608258
326467.577997328,675828.776000309,S01008816,0,1,1,0,,2261.62947844,110125.601834
326105.432094498,676028.935499027,S01008817,0,1,1,0,,2350.30659134,136510.546587
326018.489975285,675890.093499532,S01008818,0,1,1,0,,2656.01115403,119797.34195
325702.569955039,676156.344999437,S01008819,0,1,1,0,,1573.41948523,84752.8898295
326166.566993867,676307.763500051,S01008820,0,1,1,0,,1716.48383187,67112.3281565
325959.107404852,676472.311000056,S01008821,0,1,1,0,,1281.49505577,57461.3394595
325778.263489054,676639.99999977,S01008822,0,1,1,0,,1917.40991812,106341.061946
325506.940706087,676327.763500659,S01008823,0,1,1,4,Royal Botanic Gardens,3070.79757259,229381.838494
325351.949537776,676587.5,S01008824,0,1,1,0,,2618.94180596,126952.551701
325243.082410222,676855.500000132,S01008825,0,1,1,0,,1971.21560509,91516.2349561
325045.227413877,676796.263999513,S01008826,0,1,1,0,,3086.16356155,100548.33813
324594.703773395,676663.69400004,S01008827,0,1,1,2,Royal Botanic Gardens,2735.8722107,175138.633978
324354.9855807,676664.999499866,S01008828,0,1,1,4,Royal Botanic Gardens,3265.6873935,242105.994746
324271.929369886,676127.0,S01008829,1.51,263,2,11,"Inverleith Park,Royal Botanic Gardens",1943.55133468,140914.591516
324646.058036526,676219.500000102,S01008830,1.51,263,2,7,Royal Botanic Gardens,2145.16016865,120058.994091
324902.108397274,676413.499499587,S01008831,0,1,1,4,Royal Botanic Gardens,2507.95043089,165300.317336
324082.228126603,675466.728500395,S01008832,4.03,499,4,89,Royal Botanic Gardens,6570.3694691,785567.085147
324630.758649767,675751.499999978,S01008833,4.03,499,4,83,Royal Botanic Gardens,2530.42646687,150796.283916
324814.554969596,675412.728499939,S01008834,4.03,499,4,89,Royal Botanic Gardens,3594.67499074,471612.383322
325288.597717699,675806.39499933,S01008835,1.51,263,2,7,Royal Botanic Gardens,3724.46277649,368458.725424
325808.753205162,675547.593999868,S01008836,0,1,1,0,,2913.4037026,185081.912255
325680.500353785,675379.128999401,S01008837,0,1,1,0,,2135.51611591,89799.080978
325344.666967882,675264.56750119,S01008838,4.03,499,4,56,"Inverleith Park,Royal Botanic Gardens",2939.39071814,169458.838498
325627.669326051,675090.51149954,S01008839,0,1,1,0,,1442.59707488,76532.5925183
325844.19260934,675059.187500848,S01008840,0,1,1,0,,1255.05224929,65867.4321405
326027.752032296,675274.863999842,S01008841,0,1,1,0,,1785.35466276,83173.1070826
326125.281350406,675530.992499392,S01008842,0,1,1,0,,1286.83944303,95024.3595304
326334.742020273,675022.748500073,S01008843,0,1,1,0,,2250.99418878,92967.4725709
326135.393908278,675059.709500873,S01008844,0,1,1,0,,1095.12426871,35080.0196285
326126.217518033,674716.859499851,S01008845,0,1,1,0,,2215.34629249,114064.053606
325863.648816703,674716.499999922,S01008846,0,1,1,0,,1820.86150614,87989.3263016
325769.669534663,674597.499999615,S01008847,3.18,447,4,3,Princes Street Gardens East & West,1904.92178097,49259.012866
325623.271467368,674556.248500383,S01008848,3.18,447,4,4,Princes Street Gardens East & West,1419.27166804,51653.0568665
325399.526895207,674282.0,S01008849,3.18,447,4,25,Princes Street Gardens East & West,3294.41836949,202455.47617
325088.025935502,674426.500000217,S01008850,3.18,447,4,22,"Princes Street Gardens East & West,Inverleith Park",1430.70952312,71918.6153615
324841.51431253,674438.0,S01008851,5.7,542,5,60,"Princes Street Gardens East & West,Inverleith Park",1695.37928534,79065.7846456
324645.14792113,674094.50000081,S01008852,5.7,542,5,37,"Princes Street Gardens East & West,Inverleith Park",2676.90006409,157260.192283
325503.777480476,674763.499999939,S01008853,0,1,1,0,,1551.182174,57831.4000905
325286.918951427,674590.4994995,S01008854,3.18,447,4,4,Princes Street Gardens East & West,1467.15369791,51281.390287
325168.220102005,674733.629499484,S01008855,5.7,542,5,31,"Inverleith Park,Princes Street Gardens East & West",2725.02952457,121593.933147
325254.082155864,674966.499999925,S01008856,2.52,400,3,27,"Inverleith Park,Royal Botanic Gardens",1030.88799583,33992.8672975
324853.442177903,674914.499999548,S01008857,4.03,499,4,72,"Inverleith Park,Royal Botanic Gardens",1770.25553905,108681.845856
324619.844879537,674828.484000053,S01008858,4.03,499,4,83,"Inverleith Park,Royal Botanic Gardens",1568.10937022,64694.3075935
324781.792415138,674654.00000083,S01008859,7.21,578,5,61,"Inverleith Park,Royal Botanic Gardens",1769.71939385,69399.2771906
324573.003359589,674488.966499293,S01008860,7.21,578,5,79,"Inverleith Park,Royal Botanic Gardens",1720.13821909,72255.8485679
324437.431090407,674234.500000424,S01008861,5.7,542,5,76,"Inverleith Park,Royal Botanic Gardens",2652.37382208,122700.28782
324326.105945251,674522.798999987,S01008862,4.03,499,4,79,"Inverleith Park,Royal Botanic Gardens",1839.05295064,56988.4124396
324213.328247572,674753.499999615,S01008863,4.03,499,4,83,"Inverleith Park,Royal Botanic Gardens",1937.00835931,125064.244702
323564.557852333,675036.499999962,S01008864,4.03,499,4,82,"Inverleith Park,Royal Botanic Gardens",4359.80161753,473534.211869
323791.442100112,674444.499999399,S01008865,2.52,400,3,30,Inverleith Park,1693.65869825,90529.1496575
324070.009196649,674553.500000322,S01008866,2.52,400,3,75,Inverleith Park,1682.44586242,50749.030109
324039.714525379,674246.0,S01008867,2.52,400,3,26,Inverleith Park,2378.03461187,110327.179969
324726.447744235,673766.138000475,S01008868,3.18,447,4,25,Princes Street Gardens East & West,3582.61805282,284073.627823
324203.606474792,673897.500001098,S01008869,5.7,542,5,21,"Princes Street Gardens East & West,Inverleith Park",2866.72972107,176198.749313
323636.431011905,673954.544500238,S01008870,0,1,1,0,,2722.3911425,233796.620933
323931.18633677,673516.618498747,S01008871,3.18,447,4,14,Princes Street Gardens East & West,2504.37640776,151617.362605
323883.36955806,673269.0,S01008872,0,1,1,0,,2277.35326215,122827.575498
323340.535401261,673470.0,S01008873,0,1,1,0,,2987.50752498,390906.09728
323330.321102568,673012.431000023,S01008874,0,1,1,0,,1967.91345084,134473.425647
322885.249268428,672949.500000091,S01008875,0,1,1,2,Saughton Park,2223.56055525,126794.857543
322370.805136296,672879.50000013,S01008876,5.06,525,5,16,"Corstorphine Hill,Saughton Park",3348.10476426,361968.190369
321994.363678486,672920.499999648,S01008877,5.06,525,5,22,"Corstorphine Hill,Saughton Park",1574.65221266,68028.7419749
322123.048062368,672757.500000485,S01008878,5.06,525,5,51,"Corstorphine Hill,Saughton Park",3048.66525205,195667.491715
321392.53293341,672424.0,S01008879,5.06,525,5,51,"Corstorphine Hill,Saughton Park",3678.15061812,563898.228761
321433.676623992,672867.0,S01008880,5.06,525,5,5,"Corstorphine Hill,Saughton Park",1721.14505357,114277.522134
321897.103425751,673253.500499698,S01008881,2.31,381,3,3,Corstorphine Hill,3978.2790199,397725.553055
322485.423950142,673398.171500406,S01008882,0,1,1,0,,2429.01454827,214434.306369
322582.961145486,673648.805499362,S01008883,0,1,1,0,,3361.65113684,354593.210028
322438.652450392,674133.0,S01008884,0,1,1,0,,3180.02088901,243128.778
322981.422145183,674055.499999575,S01008885,0,1,1,0,,3251.83103793,298237.089086
323524.488066928,674173.99999973,S01008886,0,1,1,0,,3112.93340861,167598.183422
323282.306909851,674591.99999922,S01008887,2.52,400,3,35,Inverleith Park,4129.12442895,311556.975992
323364.718589298,675562.99999974,S01008888,2.52,400,3,26,Inverleith Park,1290.78949524,69189.2375546
323047.726901878,675510.506499434,S01008889,0,1,1,0,,2029.01687208,134561.035675
322955.969833213,675099.369499865,S01008890,2.52,400,3,20,Inverleith Park,3050.37025628,321825.020165
322665.962347505,674634.399500462,S01008891,0,1,1,0,,2630.4422211,263660.143459
322151.667571784,674501.567000762,S01008892,0,1,1,0,,4138.43064388,190691.777443
321786.239078636,674671.670000811,S01008893,0,1,1,0,,2581.18215661,211946.732799
321847.877653004,673955.0,S01008894,2.31,381,3,3,Corstorphine Hill,7990.24818546,941565.639373
321037.577958118,674591.0,S01008895,4.67,516,4,11,"Davidsons Mains Park,Corstorphine Hill",3478.24777518,220744.137422
320716.104863148,674709.0,S01008896,4.67,516,4,18,"Davidsons Mains Park,Corstorphine Hill",2010.06959956,126050.239747
320997.552561686,674953.99999937,S01008897,7.33,580,5,21,"Davidsons Mains Park,Corstorphine Hill,Lauriston Castle",3429.62769618,182773.575407
321707.89148895,674960.0,S01008898,0,1,1,0,,3389.81894482,267414.898302
321613.389117435,675346.499999389,S01008899,0,1,1,0,,1675.71303928,127663.436987
321965.99959997,675256.0,S01008900,0,1,1,0,,2100.60694514,181334.595811
322291.091109148,675129.071500039,S01008901,0,1,1,0,,2560.41501435,144102.041213
322572.543252724,675225.500000251,S01008902,0,1,1,0,,3020.11857832,211512.895753
322350.999370799,675490.900999634,S01008903,0,1,1,0,,2193.76784861,163933.028716
322417.335778292,675745.444501077,S01008904,0,1,1,0,,2409.47418224,121744.682144
322058.196408733,676066.499999023,S01008905,0,1,1,0,,1925.97136949,107275.181231
322293.750144739,676054.163001033,S01008906,0,1,1,0,,2430.6294588,121250.783723
322560.56936739,676189.0,S01008907,0,1,1,0,,1843.88582443,112387.660312
322910.318905266,676052.499499926,S01008908,0,1,1,0,,2544.6215685,161488.437705
322900.939183782,676354.500000306,S01008909,0,1,1,0,,2029.532814,97228.1748445
323362.135654515,676361.500000632,S01008910,0,1,1,0,,1551.57972002,55377.1036145
323306.158988736,675982.0,S01008911,2.52,400,3,4,Inverleith Park,2604.1911275,227373.519349
323842.545527722,676132.359000081,S01008912,1.51,263,2,2,Royal Botanic Gardens,1933.22603854,104453.303011
323584.200270055,676349.404999726,S01008913,0,1,1,0,,1755.81813923,97286.973128
324007.394876848,676420.739500941,S01008914,0,1,1,0,,3609.92780916,151190.126295
324079.319989085,676693.139499399,S01008915,0,1,1,0,,1902.94936282,87593.0647646
323818.027254013,676823.562500101,S01008916,0,1,1,0,,2043.23719592,155131.394588
323446.149853075,676610.927500988,S01008917,0,1,1,0,,1855.93374134,100427.793825
323444.749649978,676809.999500098,S01008918,0,1,1,0,,1061.35077216,45570.357833
323418.937110401,676962.88300074,S01008919,0,1,1,0,,1026.08692572,38056.417756
323304.324546041,677416.800000653,S01008920,1.46,262,2,3,Gypsy Brae Recreation Ground,7546.75224249,542369.730404
323124.596085244,676893.945499776,S01008921,0,1,1,0,,2707.25067029,191934.658458
323134.369217167,676513.0,S01008922,0,1,1,0,,1654.37002184,106040.398679
322733.266175596,676530.198999555,S01008923,0,1,1,0,,1954.75910373,85219.307769
322496.813950286,676416.812000018,S01008924,0,1,1,0,,2199.93144245,114840.208526
322190.194572213,676368.433500488,S01008925,0,1,1,0,,1904.38129951,90293.983536
322005.71312482,676498.9904993,S01008926,0,1,1,0,,1178.04873258,66307.3118966
321917.594265989,676665.99999965,S01008927,0,1,1,1,Gypsy Brae Recreation Ground,950.182812381,34908.0187636
321674.413263707,676842.0,S01008928,6.46,568,5,12,"Lauriston Castle,Gypsy Brae Recreation Ground",8193.04401879,1886949.59373
321563.287484377,676326.820000575,S01008929,0,1,1,0,,2340.33237622,137877.275909
321685.772475184,676085.473499611,S01008930,0,1,1,0,,2683.53478739,165035.274478
321789.145123006,675729.300999331,S01008931,0,1,1,0,,2605.04356766,225502.261844
321487.853275199,675608.500000148,S01008932,0,1,1,0,,1318.2112985,65946.3923844
321359.516605295,675899.989499715,S01008933,0,1,1,0,,1498.06479434,62077.825104
321155.857767243,675968.62099916,S01008934,0,1,1,0,,1989.89842287,99683.1019566
321118.149936607,675625.483000254,S01008935,5.02,524,5,13,"Lauriston Castle,Davidsons Mains Park",2245.54957003,144795.517171
320993.992732092,675226.704499835,S01008936,7.33,580,5,21,"Davidsons Mains Park,Corstorphine Hill,Lauriston Castle",2216.05714481,152783.51137
320744.649115159,675361.189999636,S01008937,7.33,580,5,21,"Davidsons Mains Park,Corstorphine Hill,Lauriston Castle",2520.34922171,173401.08992
320752.249307929,675850.99999911,S01008938,7.33,580,5,18,"Corstorphine Hill,Lauriston Castle,Davidsons Mains Park",2406.46757752,151451.6265
320054.210707982,676418.99999977,S01008939,7.36,585,5,15,"Lauriston Castle,Davidsons Mains Park",7192.11742877,1107531.96748
319814.999600618,675715.0,S01008940,7.33,580,5,24,"Davidsons Mains Park,Corstorphine Hill,Lauriston Castle",5494.23864358,1254942.85626
319100.650084675,676733.299999953,S01008941,0,1,1,0,,6439.13651144,557045.050408
318596.533996805,676368.999500743,S01008942,0,1,1,0,,2333.43448026,196990.8023
318532.503792299,676013.0,S01008943,0,1,1,0,,4495.07072028,364700.118699
318649.665088413,675564.500000619,S01008944,1.66,267,2,3,Cammo Estate,5524.19596527,760572.41805
317850.34071374,674993.499999898,S01008945,1.66,267,2,12,Cammo Estate,3117.20008608,241119.150164
318441.408191631,675014.500000536,S01008946,1.66,267,2,12,Cammo Estate,3115.00682083,323780.55923
319312.028244605,675139.658000982,S01008947,4.67,516,4,7,"Davidsons Mains Park,Corstorphine Hill",2443.37866709,285454.275889
319025.48680006,674718.499499602,S01008948,4.67,516,4,9,"Davidsons Mains Park,Corstorphine Hill",3358.3334585,193355.908637
319665.891907711,674671.99999965,S01008949,4.67,516,4,7,"Davidsons Mains Park,Corstorphine Hill",2615.57491402,204287.023678
320235.156316801,674759.499999261,S01008950,4.67,516,4,19,"Davidsons Mains Park,Corstorphine Hill",3356.14696732,372283.72242
319790.176070485,674214.500000212,S01008951,2.31,381,3,3,Corstorphine Hill,2378.72019446,117594.404124
319575.66518342,673992.776000954,S01008952,2.31,381,3,2,Corstorphine Hill,1817.23429771,105376.033279
319335.222789904,674098.00000012,S01008953,2.31,381,3,2,Corstorphine Hill,2065.27210498,137153.052396
319310.415014476,674437.500000052,S01008954,2.31,381,3,2,Corstorphine Hill,2673.09553208,221356.325649
318780.672885631,674659.988500012,S01008955,0,1,1,1,Cammo Estate,2725.44274096,161218.529967
318650.60425127,674381.0,S01008956,0,1,1,0,,2690.88896189,153555.777294
318885.951958106,674356.0,S01008957,0,1,1,0,,1805.89046607,124450.393815
318725.392152263,673855.241999027,S01008958,0,1,1,1,Gyle Park & Playing Fields,2155.28660321,123805.150576
318287.473342468,673902.567000233,S01008959,0,1,1,0,,2088.7520628,140842.071858
318209.400498015,673408.868000558,S01008960,1.68,271,2,12,Gyle Park & Playing Fields,2541.13154432,272955.862763
318526.765609692,673655.90399984,S01008961,0,1,1,1,Gyle Park & Playing Fields,1797.99284154,137268.789142
318686.685551651,673338.986999634,S01008962,1.68,271,2,11,Gyle Park & Playing Fields,2108.8011071,109994.287212
318476.896658697,672965.0,S01008963,1.68,271,2,22,Gyle Park & Playing Fields,2017.56193719,186285.022694
319039.345983084,673019.784500875,S01008964,1.68,271,2,22,Gyle Park & Playing Fields,2211.74530045,155815.794763
318992.518869265,673502.999500499,S01008965,0,1,1,2,Gyle Park & Playing Fields,2952.48652119,207289.805177
318985.42694072,673886.000499252,S01008966,0,1,1,0,,1735.53155384,131564.4925
319445.557141665,673419.499999966,S01008967,1.68,271,2,4,Gyle Park & Playing Fields,3201.44075706,274672.769427
319823.813325484,673696.499999851,S01008968,2.31,381,3,2,Corstorphine Hill,2605.36318261,275219.86118
320276.664599853,674067.499999756,S01008969,4.67,516,4,8,"Davidsons Mains Park,Corstorphine Hill",4133.34836111,539627.312521
319768.54126667,673173.0,S01008970,0,1,1,1,Gyle Park & Playing Fields,2767.92053402,228624.993561
320290.928171424,673241.0,S01008971,0,1,1,0,,2322.52095694,130200.838077
320349.020684337,673075.500000048,S01008972,0,1,1,0,,1927.78406369,168062.972202
320816.88420238,673519.99999944,S01008973,2.31,381,3,3,Corstorphine Hill,8633.22783015,1277147.68976
319685.829651012,672852.499499922,S01008974,1.68,271,2,5,Gyle Park & Playing Fields,2298.83346076,148843.984314
319761.374332576,672686.47199959,S01008975,1.68,271,2,4,Gyle Park & Playing Fields,3219.13303938,174973.797231
320046.725621526,672454.499999019,S01008976,0,1,1,1,Gyle Park & Playing Fields,2440.56954525,111755.660578
320407.666266676,672591.0,S01008977,0,1,1,0,,2558.16934644,183174.057144
320755.54460005,672453.99999983,S01008978,0,1,1,0,,1594.53070122,72332.105967
320769.531246744,672126.499500038,S01008979,0,1,1,0,,1351.11170028,74490.0365
320454.596374161,672075.99999959,S01008980,0,1,1,0,,2256.90487415,144737.001031
320090.913904566,672266.212999047,S01008981,0,1,1,0,,2241.00306653,138146.575904
320212.23892175,671976.805999579,S01008982,0,1,1,0,,1454.7876623,99837.550624
319957.736442025,671713.5,S01008983,1.23,252,2,11,Sighthill Park,1662.93408727,89568.489
319910.49959998,671966.0,S01008984,0,1,1,0,,1464.29438302,61074.6663401
319569.612908027,671880.0,S01008985,2.91,445,4,21,"Sighthill Park,Gyle Park & Playing Fields",4116.6529994,322567.328983
319629.185497294,672283.500000215,S01008986,1.68,271,2,8,Gyle Park & Playing Fields,1645.07953099,112230.507833
319245.65182931,672295.0,S01008987,1.68,271,2,22,Gyle Park & Playing Fields,2637.73748806,139673.341768
318899.477134988,672590.951499365,S01008988,1.68,271,2,23,Gyle Park & Playing Fields,3648.76788197,414334.075739
319142.237416286,672032.99999907,S01008989,1.68,271,2,21,Gyle Park & Playing Fields,1692.67524015,72934.6243574
318908.784463462,671715.0,S01008990,2.91,445,4,22,"Sighthill Park,Gyle Park & Playing Fields",4267.76762456,554793.470465
318597.91886456,672222.231499189,S01008991,1.68,271,2,23,Gyle Park & Playing Fields,2129.98573692,150136.377639
317972.230857366,671537.018999557,S01008992,1.68,271,2,22,Gyle Park & Playing Fields,9806.16615793,2155162.75734
316294.424673829,672381.500498959,S01008993,3.34,454,4,33,"Gyle Park & Playing Fields,Cammo Estate",30317.4353594,18051972.0212
313570.396889839,670616.0,S01008994,0,1,1,0,,1963.73142591,138206.089222
313698.53845586,671020.468499431,S01008995,0,1,1,0,,6351.90629044,412568.16416
314328.836768237,671772.500000931,S01008996,0,1,1,0,,14965.9779449,5525954.40169
311902.726038601,671917.367150691,S01008997,0,1,1,0,,28550.1145279,12402868.0518
312173.22249156,674091.99999979,S01008998,0,1,1,0,,2356.63554732,197348.895305
312421.856319047,674420.870000553,S01008999,0,1,1,0,,3220.60638472,227033.944964
313995.435480463,674936.3035007,S01009000,0,1,1,0,,11645.4457325,5868814.73154
312001.93120255,674808.607499852,S01009001,0,1,1,0,,2051.28792549,171184.262882
314487.091672934,677143.389000147,S01009002,1.66,267,2,6,Cammo Estate,35499.4015715,22060041.8799
313973.413387402,677982.99999912,S01009003,0,1,1,0,,6183.06545836,863348.138853
313674.9461598,677478.499498927,S01009004,0,1,1,0,,2370.258306,111104.043512
312842.477629498,677489.500000474,S01009005,0,1,1,0,,3343.69314329,226058.969835
313020.513087056,677793.080499955,S01009006,0,1,1,0,,2755.28016043,179961.224033
313348.39985003,677810.0,S01009007,0,1,1,0,,1953.25645291,91596.7854579
312698.859902902,678093.649499972,S01009008,0,1,1,0,,4105.13523053,357132.905415
312304.671633513,678535.499999031,S01009009,0,1,1,0,,2484.60637005,210393.515626
312138.24069903,678136.68199936,S01009010,0,1,1,0,,2549.60661494,205712.115662
312231.047442362,677871.859500989,S01009011,0,1,1,0,,1737.741513,153232.974751
311754.970885693,677926.0,S01009012,0,1,1,0,,1694.36510641,119245.322945
311631.493847673,678496.0,S01009013,0,1,1,0,,5408.28543266,759403.441801
